{
    "securityResourceId": "16b0a4bd-d8c0-f457-7a2c-0c896734c125",
    "path": "componentTemplates\/16b0a4bd-d8f5-072a-ae4b-17f43af7bbbf",
    "name": "DB-Template",
    "description": "",
    "ignoreQualifiers": 0,
    "componentType": "STANDARD",
    "tags": [],
    "active": true,
    "envPropDefs": [],
    "resPropDefs": [],
    "propDefs": [],
    "properties": [],
    "processes": [{
        "name": "Deploy DB Component",
        "description": "",
        "defaultWorkingDir": "${p:resource\/work.dir}\/${p:component.name}",
        "takesVersion": true,
        "inventoryActionType": "ADD",
        "status": "Active",
        "configActionType": "ADD",
        "active": true,
        "path": "componentTemplates\/16b0a4bd-d8f5-072a-ae4b-17f43af7bbbf\/processes\/16b0a599-ea5b-3bd5-f571-cbf69570cfe8",
        "deleted": false,
        "propDefs": [],
        "rootActivity": {
            "edges": [
                {
                    "to": "Clean Working Directory",
                    "type": "ALWAYS",
                    "value": ""
                },
                {
                    "to": "Download Artifacts",
                    "from": "Clean Working Directory",
                    "type": "SUCCESS",
                    "value": ""
                },
                {
                    "to": "Upgrade DB",
                    "from": "Download Artifacts",
                    "type": "SUCCESS",
                    "value": ""
                },
                {
                    "to": "b643be7de45f60f3b8300d0a9e1c65",
                    "from": "Upgrade DB",
                    "type": "SUCCESS",
                    "value": ""
                }
            ],
            "offsets": [
                {
                    "name": "Download Artifacts",
                    "x": -75,
                    "y": 300,
                    "h": 70,
                    "w": 260
                },
                {
                    "name": "Upgrade DB",
                    "x": -50,
                    "y": 445,
                    "h": 70,
                    "w": 210
                },
                {
                    "name": "b643be7de45f60f3b8300d0a9e1c65",
                    "x": -5,
                    "y": 590,
                    "h": 80,
                    "w": 120
                },
                {
                    "name": "Clean Working Directory",
                    "x": -70,
                    "y": 155,
                    "h": 70,
                    "w": 250
                }
            ],
            "layoutMode": "auto",
            "type": "graph",
            "name": "dc3c7cf2-e122-409e-840c-bf935e673f6b",
            "children": [
                {
                    "type": "finish",
                    "name": "b643be7de45f60f3b8300d0a9e1c65",
                    "children": []
                },
                {
                    "allowFailure": false,
                    "useImpersonation": false,
                    "showHidden": false,
                    "impersonationUseSudo": false,
                    "pluginVersion": 9,
                    "commandName": "Shell",
                    "pluginName": "Shell",
                    "authTokenRestriction": "20000001-0001-0001-0001-000000000000",
                    "properties": {
                        "directoryOffset": ".",
                        "shellInterpreter": "",
                        "scriptBody": "rm -rf *",
                        "runAsDaemon": "false",
                        "outputFile": ""
                    },
                    "cachedAuthTokenRestriction": {
                        "name": "System Default",
                        "description": "Used by default for any plugin steps without a specified token restriction",
                        "restrictions": [{
                            "verb": "ALL",
                            "url": "\/*"
                        }]
                    },
                    "type": "plugin",
                    "name": "Clean Working Directory",
                    "children": []
                },
                {
                    "allowFailure": false,
                    "useImpersonation": false,
                    "showHidden": false,
                    "impersonationUseSudo": false,
                    "pluginVersion": 31,
                    "commandName": "Download Artifacts",
                    "pluginName": "UrbanCode Deploy Versioned File Storage",
                    "authTokenRestriction": "20000001-0001-0001-0001-000000000000",
                    "properties": {
                        "directoryOffset": ".",
                        "artifactSetBaseDir": "",
                        "fileIncludePatterns": "**\/*",
                        "fileExcludePatterns": "",
                        "syncMode": "true",
                        "fullVerification": "true",
                        "setFileExecuteBits": "false",
                        "verifyFileIntegrity": "false",
                        "versionId": "${p:version.id}",
                        "serverUrl": "${p:server.url}",
                        "compId": "${p:component.id}",
                        "resId": "${p:resource.id}",
                        "charset": "",
                        "label": ""
                    },
                    "cachedAuthTokenRestriction": {
                        "name": "System Default",
                        "description": "Used by default for any plugin steps without a specified token restriction",
                        "restrictions": [{
                            "verb": "ALL",
                            "url": "\/*"
                        }]
                    },
                    "type": "plugin",
                    "name": "Download Artifacts",
                    "children": []
                },
                {
                    "allowFailure": false,
                    "useImpersonation": false,
                    "showHidden": false,
                    "impersonationUseSudo": false,
                    "pluginVersion": 1,
                    "commandName": "Upgrade DB",
                    "pluginName": "DBUpgrader",
                    "authTokenRestriction": "20000001-0001-0001-0001-000000000000",
                    "properties": {
                        "driver": "com.mysql.jdbc.Driver",
                        "dbJar": "lib\/mysql-connector-java-8.0.22.jar",
                        "dbUrl": "${p:environment\/db.url}",
                        "dbUser": "jpetstore",
                        "dbPass": "jppwd",
                        "sqlFilePath": ".",
                        "sqlFileInclude": "*.xml",
                        "currentVersionSql": "SELECT VER FROM DB_VERSION WHERE RELEASE_NAME = ?",
                        "deleteVersionSql": "DELETE FROM DB_VERSION WHERE RELEASE_NAME = ?",
                        "updateVersionSql": "INSERT INTO DB_VERSION (RELEASE_NAME,VER) VALUES(?,?)"
                    },
                    "cachedAuthTokenRestriction": {
                        "name": "System Default",
                        "description": "Used by default for any plugin steps without a specified token restriction",
                        "restrictions": [{
                            "verb": "ALL",
                            "url": "\/*"
                        }]
                    },
                    "type": "plugin",
                    "name": "Upgrade DB",
                    "children": []
                }
            ]
        }
    }],
    "genericProcesses": [],
    "teamMappings": []
}
