{
    "name": "JPetStore",
    "description": "",
    "enforceCompleteSnapshots": false,
    "propSheet": {"properties": []},
    "templatePropSheet": {
        "name": "template",
        "properties": []
    },
    "components": [
        {
            "name": "JPetStore-APP",
            "description": "",
            "created": 1586870977756,
            "componentType": "STANDARD",
            "ignoreQualifiers": 0,
            "importAutomatically": false,
            "useVfs": true,
            "active": true,
            "deleted": false,
            "defaultVersionType": "FULL",
            "cleanupDaysToKeep": 0,
            "cleanupCountToKeep": 0,
            "sourceConfigPluginName": "File System (Versioned)",
            "envPropDefs": [],
            "resPropDefs": [],
            "versionPropDefs": [],
            "propSheetGroup": {"propSheets": [
                {
                    "name": "template",
                    "properties": []
                },
                {
                    "name": "custom",
                    "properties": []
                },
                {
                    "name": "FileSystemVersionedComponentProperties",
                    "properties": [
                        {
                            "name": "basePath",
                            "value": "\/home\/JPetStore\/shared\/app",
                            "description": "",
                            "secure": false
                        },
                        {
                            "name": "excludes",
                            "description": "",
                            "secure": false
                        },
                        {
                            "name": "extensions",
                            "description": "",
                            "secure": false
                        },
                        {
                            "name": "includes",
                            "description": "",
                            "secure": false
                        },
                        {
                            "name": "saveFileExecuteBits",
                            "value": "false",
                            "description": "",
                            "secure": false
                        }
                    ]
                }
            ]},
            "processes": [{
                "name": "deploy",
                "description": "",
                "defaultWorkingDir": "${p:resource\/work.dir}\/${p:component.name}",
                "takesVersion": true,
                "inventoryActionType": "ADD",
                "status": "Active",
                "configActionType": "ADD",
                "active": true,
                "path": "components\/17178e18-4fae-93c5-0b51-55127ec814c4\/processes\/17178e18-5145-bd96-3c26-992b7eb4d370",
                "deleted": false,
                "propDefs": [],
                "rootActivity": {
                    "edges": [
                        {
                            "to": "Undeploy Application",
                            "from": "Start Tomcat",
                            "type": "SUCCESS",
                            "value": ""
                        },
                        {
                            "to": "Update WAR",
                            "from": "Update Properties File",
                            "type": "SUCCESS",
                            "value": ""
                        },
                        {
                            "to": "Deploy Application",
                            "from": "Undeploy Application",
                            "type": "ALWAYS",
                            "value": ""
                        },
                        {
                            "to": "Expand WAR",
                            "from": "Download Artifacts",
                            "type": "SUCCESS",
                            "value": ""
                        },
                        {
                            "to": "Update Properties File",
                            "from": "Expand WAR",
                            "type": "SUCCESS",
                            "value": ""
                        },
                        {
                            "to": "Download Artifacts",
                            "from": "Clean Working Directory",
                            "type": "ALWAYS",
                            "value": ""
                        },
                        {
                            "to": "Start Tomcat",
                            "from": "Update WAR",
                            "type": "SUCCESS",
                            "value": ""
                        },
                        {
                            "to": "Clean Working Directory",
                            "type": "ALWAYS",
                            "value": ""
                        },
                        {
                            "to": "b49f051698f1e3e214b38e24ae0d5d",
                            "from": "Deploy Application",
                            "type": "SUCCESS",
                            "value": ""
                        }
                    ],
                    "offsets": [
                        {
                            "name": "Update WAR",
                            "x": -375.0000000000001,
                            "y": 470,
                            "h": 80,
                            "w": 280
                        },
                        {
                            "name": "Expand WAR",
                            "x": -345.00000000000006,
                            "y": 285,
                            "h": 80,
                            "w": 200
                        },
                        {
                            "name": "Update Properties File",
                            "x": -415.0000000000001,
                            "y": 380,
                            "h": 80,
                            "w": 380
                        },
                        {
                            "name": "Clean Working Directory",
                            "x": -70,
                            "y": 100,
                            "h": 80,
                            "w": 290
                        },
                        {
                            "name": "Download Artifacts",
                            "x": -75.00000000000006,
                            "y": 200,
                            "h": 80,
                            "w": 300
                        },
                        {
                            "name": "Undeploy Application",
                            "x": 69.99999999999983,
                            "y": 628.4415584415584,
                            "h": 80,
                            "w": 310
                        },
                        {
                            "name": "Start Tomcat",
                            "x": 99.99999999999989,
                            "y": 533.6363636363636,
                            "h": 80,
                            "w": 250
                        },
                        {
                            "name": "Deploy Application",
                            "x": 79.99999999999994,
                            "y": 730,
                            "h": 80,
                            "w": 290
                        },
                        {
                            "name": "b49f051698f1e3e214b38e24ae0d5d",
                            "x": 44.99999999999994,
                            "y": 930,
                            "h": 90,
                            "w": 130
                        }
                    ],
                    "layoutMode": "manual",
                    "type": "graph",
                    "name": "0ab62039-37e7-4c0f-aca1-4e2ba6d89445",
                    "children": [
                        {
                            "type": "finish",
                            "name": "b49f051698f1e3e214b38e24ae0d5d",
                            "children": []
                        },
                        {
                            "allowFailure": false,
                            "useImpersonation": false,
                            "showHidden": false,
                            "impersonationUseSudo": false,
                            "pluginVersion": 9,
                            "commandName": "Shell",
                            "pluginName": "Shell",
                            "authTokenRestriction": "20000001-0001-0001-0001-000000000000",
                            "properties": {
                                "directoryOffset": ".",
                                "shellInterpreter": "",
                                "scriptBody": "rm -rf *",
                                "runAsDaemon": "false",
                                "outputFile": ""
                            },
                            "cachedAuthTokenRestriction": {
                                "name": "System Default",
                                "description": "Used by default for any plugin steps without a specified token restriction",
                                "restrictions": [{
                                    "verb": "ALL",
                                    "url": "\/*"
                                }]
                            },
                            "type": "plugin",
                            "name": "Clean Working Directory",
                            "children": []
                        },
                        {
                            "allowFailure": false,
                            "useImpersonation": false,
                            "showHidden": false,
                            "impersonationUseSudo": false,
                            "pluginVersion": 31,
                            "commandName": "Download Artifacts",
                            "pluginName": "UrbanCode Deploy Versioned File Storage",
                            "authTokenRestriction": "20000001-0001-0001-0001-000000000000",
                            "properties": {
                                "directoryOffset": ".",
                                "artifactSetBaseDir": "",
                                "fileIncludePatterns": "**\/*",
                                "fileExcludePatterns": "",
                                "syncMode": "true",
                                "fullVerification": "true",
                                "setFileExecuteBits": "false",
                                "verifyFileIntegrity": "false",
                                "versionId": "${p:version.id}",
                                "serverUrl": "${p:server.url}",
                                "compId": "${p:component.id}",
                                "resId": "${p:resource.id}",
                                "charset": "",
                                "label": ""
                            },
                            "cachedAuthTokenRestriction": {
                                "name": "System Default",
                                "description": "Used by default for any plugin steps without a specified token restriction",
                                "restrictions": [{
                                    "verb": "ALL",
                                    "url": "\/*"
                                }]
                            },
                            "type": "plugin",
                            "name": "Download Artifacts",
                            "children": []
                        },
                        {
                            "allowFailure": false,
                            "useImpersonation": false,
                            "showHidden": false,
                            "impersonationUseSudo": false,
                            "pluginVersion": 74,
                            "commandName": "Unzip",
                            "pluginName": "File Utils",
                            "authTokenRestriction": "20000001-0001-0001-0001-000000000000",
                            "properties": {
                                "dir": ".\/JPetStore_expanded",
                                "zip": "JPetStore.war",
                                "includes": "**\/*",
                                "excludes": "",
                                "overwrite": "false",
                                "customEncoding": ""
                            },
                            "cachedAuthTokenRestriction": {
                                "name": "System Default",
                                "description": "Used by default for any plugin steps without a specified token restriction",
                                "restrictions": [{
                                    "verb": "ALL",
                                    "url": "\/*"
                                }]
                            },
                            "type": "plugin",
                            "name": "Expand WAR",
                            "children": []
                        },
                        {
                            "allowFailure": false,
                            "useImpersonation": false,
                            "showHidden": false,
                            "impersonationUseSudo": false,
                            "pluginVersion": 74,
                            "commandName": "Update Java Properties File",
                            "pluginName": "File Utils",
                            "authTokenRestriction": "20000001-0001-0001-0001-000000000000",
                            "properties": {
                                "customEncoding": "",
                                "useSystemEncoding": "false",
                                "dir": ".\/JPetStore_expanded\/WEB-INF\/classes\/properties",
                                "includes": "database.properties",
                                "excludes": "",
                                "updateProps": "url=${p:environment\/db.url}",
                                "additionalProps": "",
                                "additionalPropsPrefix": "",
                                "deleteProps": ""
                            },
                            "cachedAuthTokenRestriction": {
                                "name": "System Default",
                                "description": "Used by default for any plugin steps without a specified token restriction",
                                "restrictions": [{
                                    "verb": "ALL",
                                    "url": "\/*"
                                }]
                            },
                            "type": "plugin",
                            "name": "Update Properties File",
                            "children": []
                        },
                        {
                            "allowFailure": false,
                            "useImpersonation": false,
                            "showHidden": false,
                            "impersonationUseSudo": false,
                            "pluginVersion": 74,
                            "commandName": "Create .zip File",
                            "pluginName": "File Utils",
                            "authTokenRestriction": "20000001-0001-0001-0001-000000000000",
                            "properties": {
                                "zipName": "JPetStore.war",
                                "baseDir": ".\/JPetStore_expanded",
                                "includes": "**\/*",
                                "excludes": "",
                                "update": "true",
                                "followSymlinks": "false",
                                "caseSensitive": "true",
                                "customEncoding": ""
                            },
                            "cachedAuthTokenRestriction": {
                                "name": "System Default",
                                "description": "Used by default for any plugin steps without a specified token restriction",
                                "restrictions": [{
                                    "verb": "ALL",
                                    "url": "\/*"
                                }]
                            },
                            "type": "plugin",
                            "name": "Update WAR",
                            "children": []
                        },
                        {
                            "allowFailure": false,
                            "useImpersonation": false,
                            "showHidden": false,
                            "impersonationUseSudo": false,
                            "pluginVersion": 7,
                            "commandName": "Start Tomcat",
                            "pluginName": "Tomcat",
                            "authTokenRestriction": "20000001-0001-0001-0001-000000000000",
                            "properties": {
                                "launcherLocation": "${p:environment\/tomcat.start}",
                                "options": "",
                                "timeout": "60",
                                "port": "${p:environment\/tomcat.port}",
                                "hostname": "",
                                "catalinaBase": "",
                                "catalinaHome": "",
                                "javaHome": ""
                            },
                            "cachedAuthTokenRestriction": {
                                "name": "System Default",
                                "description": "Used by default for any plugin steps without a specified token restriction",
                                "restrictions": [{
                                    "verb": "ALL",
                                    "url": "\/*"
                                }]
                            },
                            "type": "plugin",
                            "name": "Start Tomcat",
                            "children": []
                        },
                        {
                            "allowFailure": false,
                            "useImpersonation": false,
                            "showHidden": false,
                            "impersonationUseSudo": false,
                            "pluginVersion": 7,
                            "commandName": "Undeploy Application",
                            "pluginName": "Tomcat",
                            "authTokenRestriction": "20000001-0001-0001-0001-000000000000",
                            "properties": {
                                "tomcatManagerUrl": "${p:environment\/tomcat.url}\/manager\/text",
                                "tomcatUsername": "demo",
                                "tomcatPassword": "demo",
                                "tomcatContext": "\/JPetStore"
                            },
                            "cachedAuthTokenRestriction": {
                                "name": "System Default",
                                "description": "Used by default for any plugin steps without a specified token restriction",
                                "restrictions": [{
                                    "verb": "ALL",
                                    "url": "\/*"
                                }]
                            },
                            "type": "plugin",
                            "name": "Undeploy Application",
                            "children": []
                        },
                        {
                            "allowFailure": false,
                            "useImpersonation": false,
                            "showHidden": false,
                            "impersonationUseSudo": false,
                            "pluginVersion": 7,
                            "commandName": "Deploy Application",
                            "pluginName": "Tomcat",
                            "authTokenRestriction": "20000001-0001-0001-0001-000000000000",
                            "properties": {
                                "tomcatManagerUrl": "${p:environment\/tomcat.url}\/manager\/text",
                                "tomcatUsername": "demo",
                                "tomcatPassword": "demo",
                                "tomcatContext": "\/JPetStore",
                                "warFile": ".\/JPetStore.war",
                                "configFile": ""
                            },
                            "cachedAuthTokenRestriction": {
                                "name": "System Default",
                                "description": "Used by default for any plugin steps without a specified token restriction",
                                "restrictions": [{
                                    "verb": "ALL",
                                    "url": "\/*"
                                }]
                            },
                            "type": "plugin",
                            "name": "Deploy Application",
                            "children": []
                        }
                    ]
                }
            }],
            "configTemplates": [],
            "genericProcesses": [],
            "teamMappings": [],
            "tags": []
        },
        {
            "name": "JPetStore-DB",
            "description": "",
            "created": 1586870977994,
            "componentType": "STANDARD",
            "ignoreQualifiers": 0,
            "importAutomatically": false,
            "useVfs": true,
            "active": true,
            "deleted": false,
            "defaultVersionType": "FULL",
            "cleanupDaysToKeep": 0,
            "cleanupCountToKeep": 0,
            "componentTemplate": {
                "securityResourceId": "17178e18-61e2-c9ff-795b-7f64e3917573",
    			"path": "componentTemplates\/171786a6-381b-0f47-2dea-60f7b0cd63b8",
    			"name": "DB-Template",
                "description": "",
                "ignoreQualifiers": 0,
                "componentType": "STANDARD",
                "tags": [],
                "active": true,
                "importConfigurationStrategy": "default",
                "envPropDefs": [],
                "resPropDefs": [],
                "propDefs": [],
                "properties": [],
                "processes": [{
                    "name": "Deploy DB Component",
                    "description": "",
                    "defaultWorkingDir": "${p:resource\/work.dir}\/${p:component.name}",
                    "takesVersion": true,
                    "inventoryActionType": "ADD",
                    "status": "Active",
                    "configActionType": "ADD",
                    "active": true,
                    "path": "componentTemplates\/17178e18-620e-6fef-f50e-fcec8966c4ee\/processes\/17178e18-6285-4a37-e0d7-574ac34f4ee7",
                    "deleted": false,
                    "propDefs": [],
                    "rootActivity": {
                        "edges": [
                            {
                                "to": "Download Artifacts",
                                "from": "Clean Working Directory",
                                "type": "SUCCESS",
                                "value": ""
                            },
                            {
                                "to": "Clean Working Directory",
                                "type": "ALWAYS",
                                "value": ""
                            },
                            {
                                "to": "Upgrade DB",
                                "from": "Download Artifacts",
                                "type": "SUCCESS",
                                "value": ""
                            },
                            {
                                "to": "b643be7de45f60f3b8300d0a9e1c65",
                                "from": "Upgrade DB",
                                "type": "SUCCESS",
                                "value": ""
                            }
                        ],
                        "offsets": [
                            {
                                "name": "Upgrade DB",
                                "x": -50,
                                "y": 445,
                                "h": 70,
                                "w": 210
                            },
                            {
                                "name": "Clean Working Directory",
                                "x": -70,
                                "y": 155,
                                "h": 70,
                                "w": 250
                            },
                            {
                                "name": "b643be7de45f60f3b8300d0a9e1c65",
                                "x": -5,
                                "y": 590,
                                "h": 80,
                                "w": 120
                            },
                            {
                                "name": "Download Artifacts",
                                "x": -75,
                                "y": 300,
                                "h": 70,
                                "w": 260
                            }
                        ],
                        "layoutMode": "auto",
                        "type": "graph",
                        "name": "4a64d90d-1f47-4998-9bc3-af960c018239",
                        "children": [
                            {
                                "type": "finish",
                                "name": "b643be7de45f60f3b8300d0a9e1c65",
                                "children": []
                            },
                            {
                                "allowFailure": false,
                                "useImpersonation": false,
                                "showHidden": false,
                                "impersonationUseSudo": false,
                                "pluginVersion": 9,
                                "commandName": "Shell",
                                "pluginName": "Shell",
                                "authTokenRestriction": "20000001-0001-0001-0001-000000000000",
                                "properties": {
                                    "directoryOffset": ".",
                                    "shellInterpreter": "",
                                    "scriptBody": "rm -rf *",
                                    "runAsDaemon": "false",
                                    "outputFile": ""
                                },
                                "cachedAuthTokenRestriction": {
                                    "name": "System Default",
                                    "description": "Used by default for any plugin steps without a specified token restriction",
                                    "restrictions": [{
                                        "verb": "ALL",
                                        "url": "\/*"
                                    }]
                                },
                                "type": "plugin",
                                "name": "Clean Working Directory",
                                "children": []
                            },
                            {
                                "allowFailure": false,
                                "useImpersonation": false,
                                "showHidden": false,
                                "impersonationUseSudo": false,
                                "pluginVersion": 31,
                                "commandName": "Download Artifacts",
                                "pluginName": "UrbanCode Deploy Versioned File Storage",
                                "authTokenRestriction": "20000001-0001-0001-0001-000000000000",
                                "properties": {
                                    "directoryOffset": ".",
                                    "artifactSetBaseDir": "",
                                    "fileIncludePatterns": "**\/*",
                                    "fileExcludePatterns": "",
                                    "syncMode": "true",
                                    "fullVerification": "true",
                                    "setFileExecuteBits": "false",
                                    "verifyFileIntegrity": "false",
                                    "versionId": "${p:version.id}",
                                    "serverUrl": "${p:server.url}",
                                    "compId": "${p:component.id}",
                                    "resId": "${p:resource.id}",
                                    "charset": "",
                                    "label": ""
                                },
                                "cachedAuthTokenRestriction": {
                                    "name": "System Default",
                                    "description": "Used by default for any plugin steps without a specified token restriction",
                                    "restrictions": [{
                                        "verb": "ALL",
                                        "url": "\/*"
                                    }]
                                },
                                "type": "plugin",
                                "name": "Download Artifacts",
                                "children": []
                            },
                            {
                                "allowFailure": false,
                                "useImpersonation": false,
                                "showHidden": false,
                                "impersonationUseSudo": false,
                                "pluginVersion": 3,
                                "commandName": "Upgrade DB",
                                "pluginName": "DBUpgrader",
                                "authTokenRestriction": "20000001-0001-0001-0001-000000000000",
                                "properties": {
                                    "driver": "com.mysql.jdbc.Driver",
                                    "dbJar": "lib\/mysql-connector-java-5.1.20-bin.jar",
                                    "dbUrl": "${p:environment\/db.url}",
                                    "dbUser": "jpetstore",
                                    "dbPass": "jppwd",
                                    "sqlFilePath": ".",
                                    "sqlFileInclude": "*.xml",
                                    "currentVersionSql": "SELECT VER FROM DB_VERSION WHERE RELEASE_NAME = ?",
                                    "deleteVersionSql": "DELETE FROM DB_VERSION WHERE RELEASE_NAME = ?",
                                    "updateVersionSql": "INSERT INTO DB_VERSION (RELEASE_NAME,VER) VALUES(?,?)"
                                },
                                "cachedAuthTokenRestriction": {
                                    "name": "System Default",
                                    "description": "Used by default for any plugin steps without a specified token restriction",
                                    "restrictions": [{
                                        "verb": "ALL",
                                        "url": "\/*"
                                    }]
                                },
                                "type": "plugin",
                                "name": "Upgrade DB",
                                "children": []
                            }
                        ]
                    }
                }],
                "genericProcesses": [],
                "teamMappings": []
            },
            "sourceConfigPluginName": "File System (Versioned)",
            "envPropDefs": [],
            "resPropDefs": [],
            "versionPropDefs": [],
            "propSheetGroup": {"propSheets": [
                {
                    "name": "template",
                    "properties": []
                },
                {
                    "name": "custom",
                    "properties": []
                },
                {
                    "name": "FileSystemVersionedComponentProperties",
                    "properties": [
                        {
                            "name": "basePath",
                            "value": "\/home\/JPetStore\/shared\/db",
                            "description": "",
                            "secure": false
                        },
                        {
                            "name": "excludes",
                            "description": "",
                            "secure": false
                        },
                        {
                            "name": "extensions",
                            "description": "",
                            "secure": false
                        },
                        {
                            "name": "includes",
                            "description": "",
                            "secure": false
                        },
                        {
                            "name": "saveFileExecuteBits",
                            "value": "false",
                            "description": "",
                            "secure": false
                        }
                    ]
                }
            ]},
            "processes": [],
            "configTemplates": [],
            "genericProcesses": [],
            "teamMappings": [],
            "tags": []
        },
        {
            "name": "JPetStore-WEB",
            "description": "",
            "created": 1586870978055,
            "componentType": "STANDARD",
            "ignoreQualifiers": 0,
            "importAutomatically": false,
            "useVfs": true,
            "active": true,
            "deleted": false,
            "defaultVersionType": "FULL",
            "cleanupDaysToKeep": 0,
            "cleanupCountToKeep": 0,
            "sourceConfigPluginName": "File System (Versioned)",
            "envPropDefs": [],
            "resPropDefs": [],
            "versionPropDefs": [],
            "propSheetGroup": {"propSheets": [
                {
                    "name": "custom",
                    "properties": []
                },
                {
                    "name": "FileSystemVersionedComponentProperties",
                    "properties": [
                        {
                            "name": "basePath",
                            "value": "\/home\/JPetStore\/shared\/web",
                            "description": "",
                            "secure": false
                        },
                        {
                            "name": "excludes",
                            "description": "",
                            "secure": false
                        },
                        {
                            "name": "extensions",
                            "description": "",
                            "secure": false
                        },
                        {
                            "name": "includes",
                            "description": "",
                            "secure": false
                        },
                        {
                            "name": "saveFileExecuteBits",
                            "value": "false",
                            "description": "",
                            "secure": false
                        }
                    ]
                },
                {
                    "name": "template",
                    "properties": []
                }
            ]},
            "processes": [{
                "name": "deploy",
                "description": "",
                "defaultWorkingDir": "${p:resource\/work.dir}\/${p:component.name}",
                "takesVersion": true,
                "inventoryActionType": "ADD",
                "status": "Active",
                "configActionType": "ADD",
                "active": true,
                "path": "components\/17178e18-67dd-c662-ec5f-93de3e0f79a5\/processes\/17178e18-6920-0f72-a3ab-935df7e34ffb",
                "deleted": false,
                "propDefs": [],
                "rootActivity": {
                    "edges": [
                        {
                            "to": "1e50c722850096992f0445b423ddb7",
                            "from": "Deploy New Content",
                            "type": "SUCCESS",
                            "value": ""
                        },
                        {
                            "to": "Remove Old Content",
                            "from": "Download Artifacts",
                            "type": "SUCCESS",
                            "value": ""
                        },
                        {
                            "to": "Clean Working Directory",
                            "type": "ALWAYS",
                            "value": ""
                        },
                        {
                            "to": "Download Artifacts",
                            "from": "Clean Working Directory",
                            "type": "SUCCESS",
                            "value": ""
                        },
                        {
                            "to": "Deploy New Content",
                            "from": "Remove Old Content",
                            "type": "SUCCESS",
                            "value": ""
                        }
                    ],
                    "offsets": [
                        {
                            "name": "Download Artifacts",
                            "x": -75.00000000000006,
                            "y": 202.7,
                            "h": 70,
                            "w": 260
                        },
                        {
                            "name": "Clean Working Directory",
                            "x": -70.00000000000004,
                            "y": 110,
                            "h": 70,
                            "w": 250
                        },
                        {
                            "name": "1e50c722850096992f0445b423ddb7",
                            "x": -9.999999999999972,
                            "y": 490,
                            "h": 80,
                            "w": 120
                        },
                        {
                            "name": "Remove Old Content",
                            "x": -60.00000000000013,
                            "y": 300,
                            "h": 70,
                            "w": 230
                        },
                        {
                            "name": "Deploy New Content",
                            "x": -64.99999999999997,
                            "y": 400,
                            "h": 70,
                            "w": 230
                        }
                    ],
                    "layoutMode": "manual",
                    "type": "graph",
                    "name": "c3118970-b40b-42f1-adb7-f736e6a900f2",
                    "children": [
                        {
                            "type": "finish",
                            "name": "1e50c722850096992f0445b423ddb7",
                            "children": []
                        },
                        {
                            "allowFailure": false,
                            "useImpersonation": false,
                            "showHidden": false,
                            "impersonationUseSudo": false,
                            "pluginVersion": 9,
                            "commandName": "Shell",
                            "pluginName": "Shell",
                            "authTokenRestriction": "20000001-0001-0001-0001-000000000000",
                            "properties": {
                                "directoryOffset": ".",
                                "shellInterpreter": "",
                                "scriptBody": "rm -rf *",
                                "runAsDaemon": "false",
                                "outputFile": ""
                            },
                            "cachedAuthTokenRestriction": {
                                "name": "System Default",
                                "description": "Used by default for any plugin steps without a specified token restriction",
                                "restrictions": [{
                                    "verb": "ALL",
                                    "url": "\/*"
                                }]
                            },
                            "type": "plugin",
                            "name": "Clean Working Directory",
                            "children": []
                        },
                        {
                            "allowFailure": false,
                            "useImpersonation": false,
                            "showHidden": false,
                            "impersonationUseSudo": false,
                            "pluginVersion": 31,
                            "commandName": "Download Artifacts",
                            "pluginName": "UrbanCode Deploy Versioned File Storage",
                            "authTokenRestriction": "20000001-0001-0001-0001-000000000000",
                            "properties": {
                                "directoryOffset": ".",
                                "artifactSetBaseDir": "",
                                "fileIncludePatterns": "**\/*",
                                "fileExcludePatterns": "",
                                "syncMode": "true",
                                "fullVerification": "true",
                                "setFileExecuteBits": "false",
                                "verifyFileIntegrity": "false",
                                "versionId": "${p:version.id}",
                                "serverUrl": "${p:server.url}",
                                "compId": "${p:component.id}",
                                "resId": "${p:resource.id}",
                                "charset": "",
                                "label": ""
                            },
                            "cachedAuthTokenRestriction": {
                                "name": "System Default",
                                "description": "Used by default for any plugin steps without a specified token restriction",
                                "restrictions": [{
                                    "verb": "ALL",
                                    "url": "\/*"
                                }]
                            },
                            "type": "plugin",
                            "name": "Download Artifacts",
                            "children": []
                        },
                        {
                            "allowFailure": false,
                            "useImpersonation": false,
                            "showHidden": false,
                            "impersonationUseSudo": false,
                            "pluginVersion": 9,
                            "commandName": "Shell",
                            "pluginName": "Shell",
                            "authTokenRestriction": "20000001-0001-0001-0001-000000000000",
                            "properties": {
                                "directoryOffset": ".",
                                "shellInterpreter": "",
                                "scriptBody": "mv images ${p:environment\/tomcat.home}\/webapps\/JPetStore\/",
                                "runAsDaemon": "false",
                                "outputFile": ""
                            },
                            "cachedAuthTokenRestriction": {
                                "name": "System Default",
                                "description": "Used by default for any plugin steps without a specified token restriction",
                                "restrictions": [{
                                    "verb": "ALL",
                                    "url": "\/*"
                                }]
                            },
                            "type": "plugin",
                            "name": "Deploy New Content",
                            "children": []
                        },
                        {
                            "allowFailure": false,
                            "useImpersonation": false,
                            "showHidden": false,
                            "impersonationUseSudo": false,
                            "pluginVersion": 9,
                            "commandName": "Shell",
                            "pluginName": "Shell",
                            "authTokenRestriction": "20000001-0001-0001-0001-000000000000",
                            "properties": {
                                "directoryOffset": ".",
                                "shellInterpreter": "",
                                "scriptBody": "rm -rf ${p:environment\/tomcat.home}\/webapps\/JPetStore\/images",
                                "runAsDaemon": "false",
                                "outputFile": ""
                            },
                            "cachedAuthTokenRestriction": {
                                "name": "System Default",
                                "description": "Used by default for any plugin steps without a specified token restriction",
                                "restrictions": [{
                                    "verb": "ALL",
                                    "url": "\/*"
                                }]
                            },
                            "type": "plugin",
                            "name": "Remove Old Content",
                            "children": []
                        }
                    ]
                }
            }],
            "configTemplates": [],
            "genericProcesses": [],
            "teamMappings": [],
            "tags": []
        }
    ],
    "environments": [
        {
            "name": "SIT",
            "color": "#00B2EF",
            "requireApprovals": false,
            "noSelfApprovals": false,
            "exemptProcesses": [],
            "lockSnapshots": false,
            "requireSnapshots": false,
            "cleanupDaysToKeep": 0,
            "cleanupCountToKeep": 0,
            "enableProcessHistoryCleanup": true,
            "useSystemDefaultDays": true,
            "historyCleanupDaysToKeep": 365,
            "order": 0,
            "active": true,
            "propSheet": {"properties": [
                {
                    "name": "db.url",
                    "value": "jdbc:mysql:\/\/localhost:3306\/jpetstore_sit",
                    "description": "",
                    "secure": false
                },
                {
                    "name": "tomcat.home",
                    "value": "\/opt\/webservers\/sit-apache-tomcat-7.0.42",
                    "description": "",
                    "secure": false
                },
                {
                    "name": "tomcat.port",
                    "value": "8085",
                    "description": "",
                    "secure": false
                },
                {
                    "name": "tomcat.start",
                    "value": "\/opt\/webservers\/sit-apache-tomcat-7.0.42\/bin\/startup.sh",
                    "description": "",
                    "secure": false
                },
                {
                    "name": "tomcat.url",
                    "value": "http:\/\/localhost:8085",
                    "description": "",
                    "secure": false
                }
            ]},
            "templatePropSheet": {
                "name": "template",
                "properties": []
            },
            "baseResources": [{
                "basePath": "\/JPetStore-Demo-Lab",
                "tree": {
                    "name": "SIT",
                    "path": "\/JPetStore-Demo-Lab\/SIT",
                    "description": "",
                    "parentName": "JPetStore-Demo-Lab",
                    "inheritTeam": true,
                    "propSheet": {
                        "name": "custom",
                        "properties": []
                    },
                    "tags": [],
                    "teamMappings": [],
                    "impersonationUseSudo": false,
                    "impersonationForce": false,
                    "prototype": false
                }
            }],
            "baseResourcesFull": [{
                "basePath": "\/JPetStore-Demo-Lab",
                "tree": {
                    "name": "SIT",
                    "path": "\/JPetStore-Demo-Lab\/SIT",
                    "description": "",
                    "parentName": "JPetStore-Demo-Lab",
                    "inheritTeam": true,
                    "propSheet": {
                        "name": "custom",
                        "properties": []
                    },
                    "tags": [],
                    "teamMappings": [],
                    "impersonationUseSudo": false,
                    "impersonationForce": false,
                    "prototype": false,
                    "children": [{
                        "name": "ucd.local",
                        "path": "\/JPetStore-Demo-Lab\/SIT\/ucd.local",
                        "description": "",
                        "parentName": "SIT",
                        "inheritTeam": true,
                        "type": "agent",
                        "typeName": "ucd.local",
                        "propSheet": {
                            "name": "custom",
                            "properties": []
                        },
                        "tags": [],
                        "teamMappings": [],
                        "impersonationUseSudo": false,
                        "impersonationForce": false,
                        "prototype": false,
                        "children": [
                            {
                                "name": "JPetStore-APP",
                                "path": "\/JPetStore-Demo-Lab\/SIT\/ucd.local\/JPetStore-APP",
                                "description": "",
                                "parentName": "ucd.local",
                                "inheritTeam": true,
                                "roleName": "JPetStore-APP",
                                "roleProperties": {
                                    "name": "JPetStore-APP",
                                    "properties": []
                                },
                                "propSheet": {
                                    "name": "custom",
                                    "properties": []
                                },
                                "tags": [],
                                "teamMappings": [],
                                "impersonationUseSudo": false,
                                "impersonationForce": false,
                                "prototype": false,
                                "children": []
                            },
                            {
                                "name": "JPetStore-DB",
                                "path": "\/JPetStore-Demo-Lab\/SIT\/ucd.local\/JPetStore-DB",
                                "description": "",
                                "parentName": "ucd.local",
                                "inheritTeam": true,
                                "roleName": "JPetStore-DB",
                                "roleProperties": {
                                    "name": "JPetStore-DB",
                                    "properties": []
                                },
                                "propSheet": {
                                    "name": "custom",
                                    "properties": []
                                },
                                "tags": [],
                                "teamMappings": [],
                                "impersonationUseSudo": false,
                                "impersonationForce": false,
                                "prototype": false,
                                "children": []
                            },
                            {
                                "name": "JPetStore-WEB",
                                "path": "\/JPetStore-Demo-Lab\/SIT\/ucd.local\/JPetStore-WEB",
                                "description": "",
                                "parentName": "ucd.local",
                                "inheritTeam": true,
                                "roleName": "JPetStore-WEB",
                                "roleProperties": {
                                    "name": "JPetStore-WEB",
                                    "properties": []
                                },
                                "propSheet": {
                                    "name": "custom",
                                    "properties": []
                                },
                                "tags": [],
                                "teamMappings": [],
                                "impersonationUseSudo": false,
                                "impersonationForce": false,
                                "prototype": false,
                                "children": []
                            }
                        ]
                    }]
                }
            }],
            "componentPropSheets": [
                {
                    "properties": [],
                    "componentName": "JPetStore-APP"
                },
                {
                    "properties": [],
                    "componentName": "JPetStore-DB"
                },
                {
                    "properties": [],
                    "componentName": "JPetStore-WEB"
                }
            ],
            "teamMappings": []
        },
        {
            "name": "UAT",
            "color": "#DD731C",
            "requireApprovals": false,
            "noSelfApprovals": false,
            "exemptProcesses": [],
            "lockSnapshots": false,
            "requireSnapshots": false,
            "cleanupDaysToKeep": 0,
            "cleanupCountToKeep": 0,
            "enableProcessHistoryCleanup": true,
            "useSystemDefaultDays": true,
            "historyCleanupDaysToKeep": 365,
            "order": 1,
            "active": true,
            "propSheet": {"properties": []},
            "templatePropSheet": {
                "name": "template",
                "properties": []
            },
            "baseResources": [],
            "baseResourcesFull": [],
            "componentPropSheets": [
                {
                    "properties": [],
                    "componentName": "JPetStore-APP"
                },
                {
                    "properties": [],
                    "componentName": "JPetStore-DB"
                },
                {
                    "properties": [],
                    "componentName": "JPetStore-WEB"
                }
            ],
            "teamMappings": []
        }
    ],
    "processes": [{
        "name": "Deploy",
        "description": "",
        "inventoryManagementType": "AUTOMATIC",
        "offlineAgentHandling": "PRE_EXECUTION_CHECK",
        "rootActivity": {
            "edges": [
                {
                    "to": "35859e2a2d7dc188b3c027ae066077",
                    "from": "9cf97bb0f8f0e49e2f690231c94c0e",
                    "type": "SUCCESS",
                    "value": ""
                },
                {
                    "to": "9cf97bb0f8f0e49e2f690231c94c0e",
                    "from": "0be0b746fd072f5b16adceefb53d06",
                    "type": "SUCCESS",
                    "value": ""
                },
                {
                    "to": "0be0b746fd072f5b16adceefb53d06",
                    "type": "ALWAYS",
                    "value": ""
                },
                {
                    "to": "35859e2a2d7dc188b3c027ae066077",
                    "from": "511b277af9482d2352e614ecf5d125",
                    "type": "SUCCESS",
                    "value": ""
                },
                {
                    "to": "511b277af9482d2352e614ecf5d125",
                    "from": "0be0b746fd072f5b16adceefb53d06",
                    "type": "SUCCESS",
                    "value": ""
                }
            ],
            "offsets": [
                {
                    "name": "0be0b746fd072f5b16adceefb53d06",
                    "x": -70,
                    "y": 108,
                    "h": 80,
                    "w": 250
                },
                {
                    "name": "9cf97bb0f8f0e49e2f690231c94c0e",
                    "x": 204,
                    "y": 249,
                    "h": 80,
                    "w": 300
                },
                {
                    "name": "35859e2a2d7dc188b3c027ae066077",
                    "x": -5,
                    "y": 420,
                    "h": 80,
                    "w": 120
                },
                {
                    "name": "511b277af9482d2352e614ecf5d125",
                    "x": -87,
                    "y": 240,
                    "h": 80,
                    "w": 250
                }
            ],
            "layoutMode": "manual",
            "type": "graph",
            "name": "bf8aca25-d60b-4168-a753-7f9f1b1b989f",
            "children": [
                {
                    "type": "finish",
                    "name": "35859e2a2d7dc188b3c027ae066077",
                    "children": []
                },
                {
                    "componentName": "JPetStore-APP",
                    "properties": [
                        {
                            "name": "maxIteration",
                            "value": "-1"
                        },
                        {
                            "name": "isIgnoreChildWarnings",
                            "value": "false"
                        },
                        {
                            "name": "failFast",
                            "value": "false"
                        }
                    ],
                    "type": "componentEnvironmentIterator",
                    "name": "0be0b746fd072f5b16adceefb53d06",
                    "children": [{
                        "componentName": "JPetStore-APP",
                        "status": "Active",
                        "type": "inventoryVersionDiff",
                        "name": "159abfb2-3623-45cc-96c5-13f06c8e0958",
                        "children": [{
                            "componentProcessName": "deploy",
                            "componentName": "JPetStore-APP",
                            "allowFailure": false,
                            "properties": {"isIgnoreChildWarnings": "false"},
                            "draftProperties": {"isIgnoreChildWarnings": "false"},
                            "type": "componentProcess",
                            "name": "Deploy APP Component",
                            "children": []
                        }]
                    }]
                },
                {
                    "componentName": "JPetStore-WEB",
                    "properties": [
                        {
                            "name": "maxIteration",
                            "value": "-1"
                        },
                        {
                            "name": "isIgnoreChildWarnings",
                            "value": "false"
                        },
                        {
                            "name": "failFast",
                            "value": "false"
                        }
                    ],
                    "type": "componentEnvironmentIterator",
                    "name": "511b277af9482d2352e614ecf5d125",
                    "children": [{
                        "componentName": "JPetStore-WEB",
                        "status": "Active",
                        "type": "inventoryVersionDiff",
                        "name": "1da72d30-62c9-4067-bc3d-40b59181a9d2",
                        "children": [{
                            "componentProcessName": "deploy",
                            "componentName": "JPetStore-WEB",
                            "allowFailure": false,
                            "properties": {"isIgnoreChildWarnings": "false"},
                            "draftProperties": {"isIgnoreChildWarnings": "false"},
                            "type": "componentProcess",
                            "name": "Deploy WEB Component",
                            "children": []
                        }]
                    }]
                },
                {
                    "componentName": "JPetStore-DB",
                    "properties": [
                        {
                            "name": "maxIteration",
                            "value": "-1"
                        },
                        {
                            "name": "isIgnoreChildWarnings",
                            "value": "false"
                        },
                        {
                            "name": "failFast",
                            "value": "false"
                        }
                    ],
                    "type": "componentEnvironmentIterator",
                    "name": "9cf97bb0f8f0e49e2f690231c94c0e",
                    "children": [{
                        "componentName": "JPetStore-DB",
                        "status": "Active",
                        "type": "inventoryVersionDiff",
                        "name": "a1de28fa-3479-4e18-93e9-7a9e540d8cf8",
                        "children": [{
                            "componentProcessName": "Deploy DB Component",
                            "componentName": "JPetStore-DB",
                            "allowFailure": false,
                            "properties": {"isIgnoreChildWarnings": "false"},
                            "draftProperties": {"isIgnoreChildWarnings": "false"},
                            "type": "componentProcess",
                            "name": "Deploy DB Component",
                            "children": []
                        }]
                    }]
                }
            ]
        },
        "propDefs": [],
        "versionPresets": []
    }],
    "genericProcesses": [],
    "teamMappings": [],
    "tags": []
}